<EntityMapping Version="7.4.0.4">
  <Entities>
    <Entity Name="Channels" />
    <Entity Name="Computers">
      <Field Name="AvgDiskQueue" DataType="System.Double" IsCounter="true" IsEncrypted="false">avgdiskqueue</Field>
      <Field Name="AvgDiskReadPerSec" DataType="System.Double" IsCounter="true" IsEncrypted="false">avgdiskreadpersec</Field>
      <Field Name="AvgDiskWritePerSec" DataType="System.Double" IsCounter="true" IsEncrypted="false">avgdiskwritepersec</Field>
      <Field Name="CPU" DataType="System.Double" IsCounter="true" IsEncrypted="false">cpu</Field>
      <Field Name="DiskReadsPerSec" DataType="System.Double" IsCounter="true" IsEncrypted="false">diskreadspersec</Field>
      <Field Name="DiskWritesPerSec" DataType="System.Double" IsCounter="true" IsEncrypted="false">diskwritespersec</Field>
      <Field Name="DNSRegisteredIPs" DataType="System.Double" IsCounter="true" IsEncrypted="false" TagAsField="true">dnsregisteredips</Field>
      <Field Name="HostKey" DataType="System.String">host_object_guid</Field>
      <Field Name="HostName" DataType="System.String">host_name</Field>
      <Field Name="iCPUCount" DataType="System.Int32">cpu_count</Field>
      <Field Name="iTotalRAM" DataType="System.Int64">total_memory</Field>
      <Field Name="LogonDurationAvg" DataType="System.Double" IsCounter="true">logondurationavg</Field>
      <Field Name="MachineLogonServer" DataType="System.String">machine_logon_server</Field>
      <Field Name="MemoryInUse" DataType="System.Int64" IsCounter="true">memoryinuse</Field>
      <Field Name="NetReceivedData" DataType="System.Double" IsCounter="true">netreceiveddata</Field>
      <Field Name="NetSentData" DataType="System.Double" IsCounter="true">netsentdata</Field>
      <Field Name="oActiveSessions" DataType="System.Double" IsCounter="true">activesessions</Field>
      <Field Name="ObjectGuid" DataType="System.String">computer_object_guid</Field>
      <Field Name="oDisconnectedSessions" DataType="System.Double" IsCounter="true">disconnectedsessions</Field>
      <Field Name="oIdleSessions" DataType="System.Double" IsCounter="true">idlesessions</Field>
      <Field Name="oUserSessions" DataType="System.Double" IsCounter="true">usersessions</Field>
      <Field Name="PageFaultsPerSec" DataType="System.Double" IsCounter="true">pagefaultspersec</Field>
      <Field Name="ParentFolderPath" DataType="System.String">parent_folder_path</Field>
      <Field Name="FQDN" DataType="System.String">computer_name</Field>
      <Field Name="TotalSessions" DataType="System.Double" IsCounter="true">totalsessions</Field>
      <Field Name="vmName" DataType="System.String">vm_name</Field>
      <Field Name="isConnected" DataType="System.String">is_connected</Field>
      <Field Name="sOSCaption" DataType="System.String">operating_system</Field>
      <Field Name="DiskTransfersPerSec" DataType="System.Double" IsCounter="true">disk_transfers_per_sec</Field>
      <Field Name="SystemDriveFreeSpace" DataType="System.Int64" IsCounter="true">system_drive_free_space</Field>
      <Field Name="oOtherSessions" DataType="System.Double" IsCounter="true">othersessions</Field>
      <Field Name="PVSRamCacheUsgae" DataType="System.Double" IsCounter="true">pvs_ram_cache_usage</Field>
      <Field Name="ICASessions" DataType="System.Double" IsCounter="true">ica_session_count</Field>
      <Field Name="SessionDisconnectRate" DataType="System.Double" IsCounter="true">session_disconnected_rate</Field>
      <Field Name="AvgProcessorLength" DataType="System.Double" IsCounter="true">process_queue_length</Field>
      <Field Name="AppLoadTime" DataType="System.Double" IsCounter="true">app_load_time</Field>
      <Field Name="CPUModel" DataType="System.String">cpu_model</Field>
      <Field Name="CPUSpeed" DataType="System.Double">cpu_speed</Field>
      <Field Name="CPUSockets" DataType="System.Int32">cpu_sockets</Field>
      <Field Name="CPUCores" DataType="System.Int32">cpu_cores</Field>
      <Field Name="GPUArchitecture" DataType="System.String">gpu_architecture</Field>
      <Field Name="GPUModel" DataType="System.String">gpu_model</Field>
      <Field Name="GPUNumberofCores" DataType="System.Int32">gpu_number_of_cores</Field>
      <Field Name="GPUNVIDIAdriverversion" DataType="System.String">gpu_driver_version</Field>
      <Field Name="GPUNVIDIALicensePort" DataType="System.String">gpu_license_port</Field>
      <Field Name="GPUNVIDIALicenseServer" DataType="System.String">gpu_license_server</Field>
      <Field Name="GPUFrameBufferUsage" DataType="System.Double" IsCounter="true" TagAsField="true">gpu_frame_buffer_usage</Field>
      <Field Name="GPUMemoryUsage" DataType="System.Double" IsCounter="true" TagAsField="true">gpu_memory_usage</Field>
      <Field Name="GPUUsage" DataType="System.Double" IsCounter="true">gpu_usage</Field>
      <Field Name="GPUVideoDecoderUsage" DataType="System.Double" IsCounter="true">gpu_video_decoder_usage</Field>
      <Field Name="GPUVideoEncoderUsage" DataType="System.Double" IsCounter="true">gpu_video_encoder_usage</Field>
      <Field Name="GPUAvailableMemory" DataType="System.Double" IsCounter="true">gpu_available_memory</Field>
      <Field Name="NonZeroAvgUserInputDelay" DataType="System.Double" IsCounter="true" ZeroNotAccepted="true">avg_user_input_delay</Field>
      <Field Name="NonZeroMaxUserInputDelay" DataType="System.Double" IsCounter="true" ZeroNotAccepted="true">max_user_input_delay</Field>
    </Entity>
    <Entity Name="Processes">
      <Field Name="ComputerId" DataType="System.String">computer_object_guid</Field>
      <Field Name="CPU_Usage" DataType="System.Double" IsCounter="true">cpu_usage</Field>
      <Field Name="dtExitTime" DataType="System.DateTime">process_exit_time</Field>
      <Field Name="dtStartTime" DataType="System.DateTime">process_start_time</Field>
      <Field Name="iExitCode" DataType="System.Int32">process_exit_code</Field>
      <Field Name="IOReadOperationsPerSec" DataType="System.Double" IsCounter="true">ioreadoperationspersec</Field>
      <Field Name="IOWriteOperationsPerSec" DataType="System.Double" IsCounter="true">iowriteoperationspersec</Field>
      <Field Name="iPID" DataType="System.Int32">process_id</Field>
      <Field Name="iSessionID" DataType="System.Int32">session_id</Field>
      <Field Name="IsServiceProcess" DataType="System.Boolean">is_service_process</Field>
      <Field Name="ObjectGuid" DataType="System.String">process_object_guid</Field>
      <Field Name="ProcSystemType" DataType="System.String">process_sys_type</Field>
      <Field Name="sAccount" DataType="System.String">user_account</Field>
      <Field Name="sAccountSid" DataType="System.String" IsAnonymous="true">user_account_sid</Field>
      <Field Name="SessionObjectGuid" DataType="System.String">session_object_guid</Field>
      <Field Name="sEXEProductVersion" DataType="System.String">process_product_version</Field>
      <Field Name="sEXEVersion" DataType="System.String">process_exe_version</Field>
      <Field Name="sName" DataType="System.String">process_name</Field>
      <Field Name="sServerName" DataType="System.String">server_name</Field>
      <Field Name="WorkingSetSize" DataType="System.Double" IsCounter="true">workingsetsize</Field>
      <Field Name="sDescription" DataType="System.String">product_name</Field>
      <Field Name="AppLoadTime" DataType="System.Double">app_load_time</Field>
      <Field Name="GPUCPUUtilization" DataType="System.Double" IsCounter="true">gpu_cpu_utilization</Field>
      <Field Name="GPUFrameBufferMemoryUtilization" DataType="System.Double" IsCounter="true">gpu_frame_buffer_memory_utilization</Field>
      <Field Name="GPUEncoderUtilization" DataType="System.Double" IsCounter="true">gpu_encoder_utilization</Field>
      <Field Name="GPUDecoderUtilization" DataType="System.Double" IsCounter="true">gpu_decoder_utilization</Field>
      <Field Name="DiskReadKBs" DataType="System.Double" IsCounter="true">disk_read_kbs</Field>
      <Field Name="DiskWriteKBs" DataType="System.Double" IsCounter="true">disk_write_kbs</Field>
      <Field Name="NetworkSendKBs" DataType="System.Double" IsCounter="true">network_send_kbs</Field>
      <Field Name="NetworkReceiveKBs" DataType="System.Double" IsCounter="true">network_receive_kbs</Field>
      <Field Name="NonZeroUserInputDelay" DataType="System.Double" IsCounter="true" ZeroNotAccepted="true">user_input_delay</Field>
    </Entity>
    <Entity Name="Sessions">
      <Field Name="citrixReceiverVersion" DataType="System.String">citrix_receiver_version</Field>
      <Field Name="clientProtocolType" DataType="System.Int32">client_protocol_type</Field>
      <Field Name="ComputerId" DataType="System.String">computer_object_guid</Field>
      <Field Name="CPU_Usage" DataType="System.Double" IsCounter="true" NAEnableMode="true">cpu_usage</Field>
      <Field Name="dtConnectTime" DataType="System.DateTime">connect_time</Field>
      <Field Name="dtDisconnectTime" DataType="System.DateTime">disconnect_time</Field>
      <Field Name="dtLoginTime" DataType="System.DateTime">login_time</Field>
      <Field Name="dtLogoffTime" DataType="System.DateTime">logoff_time</Field>
      <Field Name="eConnectState" DataType="System.Int32">connect_state</Field>
      <Field Name="GroupPolicyProccesingTime" DataType="System.Double">grouppolicyproccesingtime</Field>
      <Field Name="IOReadOperationsPerSec" DataType="System.Double" IsCounter="true" NAEnableMode="true">ioreadoperationspersec</Field>
      <Field Name="IOWriteOperationsPerSec" DataType="System.Double" IsCounter="true" NAEnableMode="true">iowriteoperationspersec</Field>
      <Field Name="iSessionID" DataType="System.Int32">session_id</Field>
      <Field Name="LogonDuration" DataType="System.Double">logonduration</Field>
      <Field Name="LogonDurationOther" DataType="System.Double">logondurationother</Field>
      <Field Name="ObjectGuid" DataType="System.String">session_object_guid</Field>
      <Field Name="oClientIP" DataType="System.String">client_ip</Field>
      <Field Name="sApplication" DataType="System.String">application</Field>
      <Field Name="sClientName" DataType="System.String">client_name</Field>
      <Field Name="SessionCreateTime" DataType="System.DateTime">creation_time</Field>
      <Field Name="SessionIdleState" DataType="System.Boolean">idle_state</Field>
      <Field Name="SessionIdleStateChangeTime" DataType="System.DateTime">idle_state_change_time</Field>
      <Field Name="SessionStateChangeTime" DataType="System.DateTime">connect_state_time</Field>
      <Field Name="ShellLoadTime" DataType="System.Double">shellloadtime</Field>
      <Field Name="sServerName" DataType="System.String">server_name</Field>
      <Field Name="sSessionName" DataType="System.String">session_name</Field>
      <Field Name="sUserAccount" DataType="System.String">user_account</Field>
      <Field Name="sUserDomainName" DataType="System.String">user_domain_name</Field>
      <Field Name="sUserName" DataType="System.String">username</Field>
      <Field Name="sUserSid" DataType="System.String" IsAnonymous="true">user_account_sid</Field>
      <Field Name="UserLogonServer" DataType="System.String">user_logon_server</Field>
      <Field Name="UserProfileLoadTime" DataType="System.Double">userprofileloadtime</Field>
      <Field Name="vmBroker" DataType="System.String">vm_broker</Field>
      <Field Name="vmClientMachineDomain" DataType="System.String">vm_client_machine_domain</Field>
      <Field Name="vmClientProtocol" DataType="System.String">vm_client_protocol</Field>
      <Field Name="vmClientType" DataType="System.String">vm_client_type</Field>
      <Field Name="vmIsTunneled" DataType="System.String">vm_is_tunneled</Field>
      <Field Name="WorkingSet" DataType="System.Double" IsCounter="true" NAEnableMode="true">workingsetsize</Field>
      <Field Name="sBranchName" DataType="System.String">branch_name</Field>
      <Field Name="SessionLatency" DataType="System.Double" IsCounter="true" NAEnableMode="true">ica_latency</Field>
      <Field Name="ActiveTimePercentage" DataType="System.Double" IsCounter="true" NAEnableMode="true">active_time_percentage</Field>
      <Field Name="IdleTimePercentage" DataType="System.Double" IsCounter="true" NAEnableMode="true">idle_time_percentage</Field>
      <Field Name="DisconnectedTimePercentage" DataType="System.Double" IsCounter="true" NAEnableMode="true">disconnected_time_percentage</Field>
      <Field Name="SessionBandwidth" DataType="System.Double" IsCounter="true" NAEnableMode="true" >protocol_kbit_sec_last_recorded</Field>
      <Field Name="SessionBandwidthAvg" DataType="System.Double" IsCounter="true" NAEnableMode="true" >protocol_bandwidth_session_average</Field>
      <Field Name="ADContainer" DataType="System.String">user_ad_ou</Field>
      <Field Name="ADDN" DataType="System.String">user_ad_dn</Field>
      <Field Name="UserFullName" DataType="System.String">user_full_name</Field>
      <Field Name="SessionBandwidthLimit" DataType="System.Double" IsCounter="true" NAEnableMode="true" >protocol_bandwidth_limit</Field>
      <Field Name="AppLoadTime" DataType="System.Double" IsCounter="true" NAEnableMode="true">app_load_time</Field>
      <Field Name="ProtocolRTT" DataType="System.Double" IsCounter="true" NAEnableMode="true">protocolRTT</Field>
      <Field Name="GPUUtilization" DataType="System.Double" IsCounter="true" NAEnableMode="true" TagAsField="true">gpu_utilization</Field>
      <Field Name="GPUFrameBufferMemoryUtilization" DataType="System.Double" IsCounter="true" NAEnableMode="true" TagAsField="true">gpu_frame_buffer_memory_utilization</Field>
      <Field Name="GPUEncoderUtilization" DataType="System.Double" IsCounter="true" NAEnableMode="true" TagAsField="true">gpu_encoder_utilization</Field>
      <Field Name="GPUDecoderUtilization" DataType="System.Double" IsCounter="true" NAEnableMode="true" TagAsField="true">gpu_decoder_utilization</Field>
      <Field Name="DiskReadKBs" DataType="System.Double" NAEnableMode="true" IsCounter="true">disk_read_kbs</Field>
      <Field Name="DiskWriteKBs" DataType="System.Double" NAEnableMode="true" IsCounter="true">disk_write_kbs</Field>
      <Field Name="NetworkSendKBs" DataType="System.Double" NAEnableMode="true" IsCounter="true">network_send_kbs</Field>
      <Field Name="NetworkReceiveKBs" DataType="System.Double" NAEnableMode="true" IsCounter="true">network_receive_kbs</Field>
      <Field Name="NonZeroUserInputDelay" DataType="System.Double" NAEnableMode="true" IsCounter="true" ZeroNotAccepted="true">user_input_delay</Field>
    </Entity>
    <Entity Name="Hosts">
      <Field Name="ActiveMemory" DataType="System.Double" IsCounter="true">activememory</Field>
      <Field Name="CPUTotalCores" DataType="System.Int32">cpu_total_cores</Field>
      <Field Name="CPUTotalPachages" DataType="System.Int32">cpu_total_sockets</Field>
      <Field Name="CPUUsage" DataType="System.Double" IsCounter="true">cpuusage</Field>
      <Field Name="DataStoreReadLatency" DataType="System.Double" IsCounter="true" TagAsField="true">datastorereadlatency</Field>
      <Field Name="DataStoreReadRate" DataType="System.Double" IsCounter="true" TagAsField="true">datastorereadrate</Field>
      <Field Name="DataStoreRWIOps" DataType="System.Double" IsCounter="true" TagAsField="true">datastorerwiops</Field>
      <Field Name="DataStoreWriteLatency" DataType="System.Double" IsCounter="true" TagAsField="true">datastorewritelatency</Field>
      <Field Name="DataStoreWriteRate" DataType="System.Double" IsCounter="true" TagAsField="true">datastorewriterate</Field>
      <Field Name="DiskDeviceLatency" DataType="System.Double" IsCounter="true" TagAsField="true">diskdevicelatency</Field>
      <Field Name="DiskKernelLatency" DataType="System.Double" IsCounter="true" TagAsField="true">diskkernellatency</Field>
      <Field Name="DiskQueueLatency" DataType="System.Double" IsCounter="true" TagAsField="true">diskqueuelatency</Field>
      <Field Name="DiskTotalLatency" DataType="System.Double" IsCounter="true" TagAsField="true">disktotallatency</Field>
      <Field Name="DroppedRx" DataType="System.Double" IsCounter="true">droppedrx</Field>
      <Field Name="DroppedTx" DataType="System.Double" IsCounter="true">droppedtx</Field>
      <Field Name="hFolderPath" DataType="System.String">folder_path</Field>
      <Field Name="HostVersion" DataType="System.String">host_version</Field>
      <Field Name="HypervisorType" DataType="System.String">hypervisor_type</Field>
      <Field Name="HypervisorUrl" DataType="System.String">hypervisor_url</Field>
      <Field Name="MaxFreeSpaceDS" DataType="System.Double" IsCounter="true" TagAsField="true">maxfreespaceds</Field>
      <Field Name="MemUsage" DataType="System.Double" IsCounter="true">memusage</Field>
      <Field Name="MinFreeSpaceDS" DataType="System.Double" IsCounter="true" TagAsField="true">minfreespaceds</Field>
      <Field Name="Name" DataType="System.String">host_name</Field>
      <Field Name="nicUsage" DataType="System.Double" IsCounter="true">nicusage</Field>
      <Field Name="ObjectGuid" DataType="System.String">host_object_guid</Field>
      <Field Name="PhysicalMem" DataType="System.Int64">physical_memory</Field>
      <Field Name="RunningVMCount" DataType="System.Double" IsCounter="true">runningvmcount</Field>
      <Field Name="UnmanagedVMCount" DataType="System.Double" IsCounter="true">unmanagedvmcount</Field>
      <Field Name="vCPURatio" DataType="System.Double" IsCounter="true">vcpuratio</Field>
      <Field Name="VMCount" DataType="System.Double" IsCounter="true">vmcount</Field>
      <Field Name="ConnectionId" DataType="System.String">channel_id</Field>
      <Field Name="ErrorRx" DataType="System.Double" IsCounter="true">nic_received_packets_errors</Field>
      <Field Name="ErrorTx" DataType="System.Double" IsCounter="true">nic_transmitted_packets_errors</Field>
      <Field Name="ServerVendor" DataType="System.String">server_vendor</Field>
      <Field Name="ServerModel" DataType="System.String">server_model</Field>
      <Field Name="CPUModel" DataType="System.String">cpu_model</Field>
      <Field Name="CPUSpeed" DataType="System.Double">cpu_speed</Field>
      <Field Name="CPULogicalProcessors" DataType="System.String">cpu_logical_processors</Field>
      <Field Name="HypervisorBuild" DataType="System.String">hypervisor_build</Field>
      <Field Name="MemoryBallooning" DataType="System.Double" IsCounter="true">memory_ballooning</Field>
      <Field Name="MemorySwapping" DataType="System.Double" IsCounter="true">memory_swapping</Field>
      <Field Name="DatastoreTotalLatency" DataType="System.Double" IsCounter="true">datastore_total_latency</Field>
    </Entity>
    <Entity Name="Citrix Licenses">
      <Field Name="ComputerId" DataType="System.String">computer_object_guid</Field>
      <Field Name="ObjectGuid" DataType="System.String">citrixlicense_object_guid</Field>
      <Field Name="ctxProduct" DataType="System.String">ctx_product</Field>
      <Field Name="ctxPLD" DataType="System.String">ctx_pld</Field>
      <Field Name="ctxLicenseType" DataType="System.String">ctx_license_type</Field>
      <Field Name="ctxLicenseInUse" DataType="System.Int32" IsCounter="true">ctx_license_in_use</Field>
      <Field Name="ctxLicensePool" DataType="System.Int32" IsCounter="true">ctx_license_pool</Field>
      <Field Name="ctxLicensesUsedPrecent" DataType="System.Int32" IsCounter="true">ctx_licenses_used_precent</Field>
      <Field Name="ctxOverdraft" DataType="System.Int32" IsCounter="true">ctx_overdraft</Field>
      <Field Name="ctxCount" DataType="System.Int32" IsCounter="true">ctx_count</Field>
    </Entity>
  </Entities>
  <ConditionalEntities>
    <Entity Name="VMs">
      <Field Name="vmName" DataType="System.Double">vm_name</Field>
      <Field Name="ObjectGuid" DataType="System.String">vm_object_guid</Field>
      <Field Name="ManagedComputerID" DataType="System.String">managed_computer_object_guid</Field>
      <Field Name="hFolderPath" DataType="System.String">hfolder_path</Field>
      <Field Name="HostKey" DataType="System.String">host_object_guid</Field>
      <Field Name="VMUUID" DataType="System.String">configuration_uuid</Field>
      <Field Name="ActiveMemory" DataType="System.Int64" IsCounter="true" NAEnableMode="true">active_memory</Field>
      <Field Name="iCPUCount" DataType="System.Int32">cpu_count</Field>
      <Field Name="CPUExSMPUse" DataType="System.Double" IsCounter="true" NAEnableMode="true">cpu_exsmpuse</Field>
      <Field Name="CPUReady" DataType="System.Double" IsCounter="true" NAEnableMode="true">cpu_ready</Field>
      <Field Name="CPUSwapWait" DataType="System.Double" IsCounter="true" NAEnableMode="true">cpu_swap_wait</Field>
      <Field Name="CPUSystemTime" DataType="System.Double" IsCounter="true" NAEnableMode="true">cpu_system_time</Field>
      <Field Name="DroppedRx" DataType="System.Double" IsCounter="true" NAEnableMode="true">droppedrx</Field>
      <Field Name="DroppedTx" DataType="System.Double" IsCounter="true" NAEnableMode="true">droppedtx</Field>
      <Field Name="DynamicMemoryAvgPressure" DataType="System.Double" IsCounter="true" NAEnableMode="true">dynamic_memory_pressure</Field>
      <Field Name="DynamicMemoryEnabled" DataType="System.Double" IsCounter="true" NAEnableMode="true">dynamic_memory_enabled</Field>
      <Field Name="CPUUsage" DataType="System.Double" IsCounter="true" NAEnableMode="true">cpu_usage</Field>
      <Field Name="MemoryMaximum" DataType="System.Double" IsCounter="true" NAEnableMode="true">memory_maximum</Field>
      <Field Name="MemoryMinimum" DataType="System.Double" IsCounter="true" NAEnableMode="true">memory_minimum</Field>
      <Field Name="MemoryDemand" DataType="System.Double" IsCounter="true" NAEnableMode="true">memory_demand</Field>
      <Field Name="MemoryStatus" DataType="System.String">memory_status</Field>
      <Field Name="SwapInRateMem" DataType="System.Double" IsCounter="true" NAEnableMode="true">swap_in_rate_mem</Field>
      <Field Name="SwapOutRateMem" DataType="System.Double" IsCounter="true" NAEnableMode="true">swap_out_rate_mem</Field>
      <Field Name="MemUsage" DataType="System.Double" IsCounter="true" NAEnableMode="true">mem_usage</Field>
      <Field Name="StartupMemory" DataType="System.Double" IsCounter="true" NAEnableMode="true">startup_memory</Field>
      <Field Name="vDiskReadOpsPerSec" DataType="System.Double" IsCounter="true" NAEnableMode="true" TagAsField="true">vdisk_read_iops</Field>
      <Field Name="vDiskReadLatency" DataType="System.Double" IsCounter="true" NAEnableMode="true">vdisk_read_latency</Field>
      <Field Name="vDiskReadPerSec" DataType="System.Double" IsCounter="true" NAEnableMode="true">vdiskread_kb_per_sec</Field>
      <Field Name="vDiskWriteOpsPerSec" DataType="System.Double" IsCounter="true" NAEnableMode="true" TagAsField="true">vdisk_write_iops</Field>
      <Field Name="vDiskWriteLatency" DataType="System.Double" IsCounter="true" NAEnableMode="true">vdisk_write_latency</Field>
      <Field Name="vDiskWritePerSec" DataType="System.Double" IsCounter="true" NAEnableMode="true">vdiskwrite_kb_per_sec</Field>
      <Field Name="vmPowerState" DataType="System.String">vm_power_state</Field>
      <Field Name="vmToolsState" DataType="System.String">vm_tool_state</Field>
      <Field Name="ToolsVersion" DataType="System.String">vm_tool_version</Field>
      <Field Name="ToolsVersionState" DataType="System.String">vm_tool_version_state</Field>
      <Field Name="HostName" DataType="System.String">host_name</Field>
      <Field Name="iTotalRAM" DataType="System.Int64">vm_total_memory</Field>
      <Field Name="CPUModel" DataType="System.String">cpu_model</Field>
      <Field Name="CPUSpeed" DataType="System.Double">cpu_speed</Field>
      <Field Name="CPUSocketsVM" DataType="System.Int32">cpu_sockets_vm</Field>
      <Field Name="CPUCoresVM" DataType="System.Int32">cpu_cores_vm</Field>
      <Field Name="CPUCountVM" DataType="System.Int32">cpu_count_vm</Field>
      <Field Name="VirtualMachineMemoryBallooning" DataType="System.Double" IsCounter="true" NAEnableMode="true">virtual_machine_memory_ballooning</Field>
      <Field Name="VirtualMachineSnapshotExists" DataType="System.Double" IsCounter="true" NAEnableMode="true">virtual_machine_snapshot_exists</Field>
      <Field Name="VirtualMachineSnapshotSize" DataType="System.Double" IsCounter="true" NAEnableMode="true">virtual_machine_snapshot_size</Field>
      <Field Name="FlashModeEnabled" DataType="System.Boolean">flash_mode_enabled</Field>
      <Field Name="MemoryShares" DataType="System.Double">memory_shares</Field>
      <Field Name="CPUShares" DataType="System.Double">cpu_shares</Field>
    </Entity>
    <Entity Name="XD_VDA">
      <Field Name="ObjectGuid" DataType="System.String">xd_vda_object_guid</Field>
      <Field Name="sName" DataType="System.Double">vda_name</Field>
      <Field Name="ManagedComputerID" DataType="System.String">managed_computer_object_guid</Field>
      <Field Name="xdHostedMachineID" DataType="System.String">configuration_uuid</Field>
      <Field Name="DomainDNSName" DataType="System.String">dns_name</Field>
      <Field Name="xdVDAFolderPath" DataType="System.String">xd_folderpath</Field>
      <Field Name="XDeskGroup" DataType="System.String">delivery_group_name</Field>
      <Field Name="sIPAddresses" DataType="System.String">ip_address</Field>
      <Field Name="HostName" DataType="System.String">host_name</Field>
      <Field Name="xdMaintenanceMode" DataType="System.String">xd_maintenance_mode</Field>
      <Field Name="XDeskVDAversion" DataType="System.String">xd_vda_version</Field>
      <Field Name="XDeskDeskState" DataType="System.String">xd_registration_state</Field>
      <Field Name="xdLastRegFail" DataType="System.String">xd_last_reg_fail</Field>
      <Field Name="xdLastRegFailTime" DataType="System.DateTime">xd_last_reg_fail_time</Field>
      <Field Name="vmPowerState" DataType="System.String">vm_power_state</Field>
      <Field Name="xduserSessions" DataType="System.Double" IsCounter="true">user_sessions</Field>
      <Field Name="xdDeliveryControll" DataType="System.String">xd_delivery_controll</Field>
      <Field Name="xdFaultReason" DataType="System.String">xd_fault_reason</Field>
      <Field Name="xdFaultTime" DataType="System.DateTime">xd_fault_time</Field>
      <Field Name="LogOnStatus" DataType="System.String">logon_status</Field>
      <Field Name="sOSCaption" DataType="System.String">operating_system</Field>
      <Field Name="xdMachineAvailable" DataType="System.String">xd_machine_available</Field>
      <Field Name="XDeskCatalogName" DataType="System.String">xd_catalog_name</Field>
      <Field Name="xdIsAssigned" DataType="System.Boolean">xd_is_assigned</Field>
    </Entity>
    <Entity Name="XD_Brokers">
      <Field Name="ObjectGuid" DataType="System.String">xd_broker_object_guid</Field>
      <Field Name="sName" DataType="System.Double">broker_name</Field>
      <Field Name="ManagedComputerID" DataType="System.String">managed_computer_object_guid</Field>
      <Field Name="xdBrokerHealth" DataType="System.Double" IsCounter="true">health</Field>
      <Field Name="xdBrokerState" DataType="System.String">xd_broker_state</Field>
      <Field Name="xdRegisteredDesktops" DataType="System.Double" IsCounter="true">registered_desktop</Field>
      <Field Name="xdLiceningServerState" DataType="System.String">xd_licening_server_state</Field>
      <Field Name="xdLicenseGracePeriodState" DataType="System.String">xd_license_grace_period_state</Field>
      <Field Name="xdLicenseGracePeriodTimesRemaining" DataType="System.String">xd_license_grace_period_remain</Field>
      <Field Name="xdDeliveryControllerLastStartTime" DataType="System.DateTime">xd_dc_last_start_time</Field>
      <Field Name="xdDeliveryControllerLastActivityTime" DataType="System.DateTime">xd_dc_last_activity_time</Field>
      <Field Name="xdBrokerServiceStatus" DataType="System.String">xd_broker_service_status</Field>
      <Field Name="xdCentralConfigurationServiceStatus" DataType="System.String">xd_central_config_svc_status</Field>
      <Field Name="xdADIdentityServiceStatus" DataType="System.String">xd_ad_identity_svc_status</Field>
      <Field Name="xdDelegatedAdminServiceStatus" DataType="System.String">xd_delegate_admin_svc_status</Field>
      <Field Name="xdHostingUnitServiceStatus" DataType="System.String">xd_hosting_unit_svc_status</Field>
      <Field Name="xdConfigurationLoggingServiceStatus" DataType="System.String">xd_config_logging_svc_status</Field>
      <Field Name="xdMachineCreationServicesServiceStatus" DataType="System.String">xd_machine_creation_svc_status</Field>
      <Field Name="xdMonitorServiceStatus" DataType="System.String">xd_monitor_svc_status</Field>
      <Field Name="xdSiteDatabaseState" DataType="System.String">xd_site_db_state</Field>
      <Field Name="xdMonitorDatabseState" DataType="System.String">xd_monitor_db_state</Field>
      <Field Name="xdConfigurationLoggingDatabaseState" DataType="System.String">xd_config_logging_db_state</Field>
      <Field Name="xdHypervisorsFailed" DataType="System.String">xd_hypervisors_failed</Field>
      <Field Name="xdHypervisorsOK" DataType="System.String">xd_hypervisors_ok</Field>
      <Field Name="xdBrokerFolderPath" DataType="System.String">broker_folder_path</Field>
    </Entity>
    <Entity Name="XD_Sessions">
      <Field Name="ObjectGuid" DataType="System.String">xd_session_object_guid</Field>
      <Field Name="xdMachineId" DataType="System.String">managed_computer_object_guid</Field>
      <Field Name="xdIsAnonymous" DataType="System.Boolean">xd_is_anonymous</Field>
      <Field Name="xdSessionReconnected" DataType="System.Boolean">xd_session_reconnected</Field>
      <Field Name="xdSiteName" DataType="System.String">xd_site_name</Field>
      <Field Name="xdSecureICASession" DataType="System.Boolean">xd_secure_ica_session</Field>
      <Field Name="xdSessionCreateTime" DataType="System.DateTime">xd_session_create_time</Field>
      <Field Name="xdHDXStartDate" DataType="System.DateTime">logon_start_event_time</Field>
      <Field Name="xdHDXEndDate" DataType="System.DateTime">logon_end_event_time</Field>
      <Field Name="xdBrokeringDate" DataType="System.DateTime">xd_brokering_date</Field>
      <Field Name="xdDisconnectDate" DataType="System.DateTime">xd_disconnect_date</Field>
      <Field Name="xdVMStartStartDate" DataType="System.DateTime">xd_vm_start_date</Field>
      <Field Name="xdVMStartEndDate" DataType="System.DateTime">xd_vm_end_date</Field>
      <Field Name="xdClientSessionValidateDate" DataType="System.DateTime">xd_client_session_validate_date</Field>
      <Field Name="xdServerSessionValidateDate" DataType="System.DateTime">xd_server_session_validate_date</Field>
      <Field Name="xdEstablishmentDate" DataType="System.DateTime">xd_establishment_date</Field>
      <Field Name="xdHDXStartDate" DataType="System.DateTime">xd_hdx_start_date</Field>
      <Field Name="xdHDXEndDate" DataType="System.DateTime">xd_hdx_end_date</Field>
      <Field Name="xdInteractiveStartDate" DataType="System.DateTime">xd_interactive_start_date</Field>
      <Field Name="xdInteractiveEndDate" DataType="System.DateTime">xd_interactive_end_date</Field>
      <Field Name="eConnectState" DataType="System.Int32">connect_state</Field>
      <Field Name="xdSessionType" DataType="System.String">xd_session_type</Field>
      <Field Name="xdDisconnectCode" DataType="System.String">xd_disconnect_code</Field>
      <Field Name="xdFailureReason" DataType="System.String">xd_failure_reason</Field>
      <Field Name="xdFailureCategory" DataType="System.String">xd_failure_category</Field>
      <Field Name="xdApplicationsInUse" DataType="System.String">xd_application_in_use</Field>
      <Field Name="xdSessionKey" DataType="System.String">xd_session_key</Field>
      <Field Name="xdLogonDuration" DataType="System.Double">xd_logon_duration</Field>
      <Field Name="xdBrokeringDuration" DataType="System.Double">xd_brokering_duration</Field>
      <Field Name="xdHDXConnectionLoadTime" DataType="System.Double">xd_hdx_connection_load_time</Field>
      <Field Name="xdAuthenticationDuration" DataType="System.Double">xd_authentication_duration</Field>
      <Field Name="xdVMStartDuration" DataType="System.Double">xd_vm_start_duration</Field>
      <Field Name="xdGPOLoadTime" DataType="System.Double">xd_gpo_load_time</Field>
      <Field Name="xdLogonScriptsLoadTime" DataType="System.Double">xd_logon_script_load_time</Field>
      <Field Name="xdProfileLoadTime" DataType="System.Double">xd_profile_load_time</Field>
      <Field Name="xdInteractiveSessionLoadTime" DataType="System.Double">xd_interactive_session_load_time</Field>
      <Field Name="sServerName" DataType="System.String">computer_name</Field>
      <Field Name="xdUserId" DataType="System.String">xd_user_id</Field>
      <Field Name="xdMachineId" DataType="System.String">xd_machine_id</Field>
      <Field Name="xdCurrentConnectionId" DataType="System.String">xd_session_id</Field>
      <Field Name="sClientName" DataType="System.String">client_name</Field>
      <Field Name="oClientIP" DataType="System.String">client_ip</Field>
      <Field Name="citrixReceiverVersion" DataType="System.String">citrix_receiver_version</Field>
      <Field Name="xdConnectedViaHostName" DataType="System.String">xd_connected_via_host_name</Field>
      <Field Name="xdConnectedViaIPAddress" DataType="System.String">xd_connected_via_ip_address</Field>
      <Field Name="xdLaunchedViaHostName" DataType="System.String">xd_launched_via_host_name</Field>
      <Field Name="xdLaunchedViaIPAddress" DataType="System.String">xd_launched_via_ip_address</Field>
      <Field Name="xdProtocol" DataType="System.String">xd_protocol</Field>
      <Field Name="sUserName" DataType="System.String">user_name</Field>
      <Field Name="UserFullName" DataType="System.String">user_full_name</Field>
      <Field Name="DomainDNSName" DataType="System.String">domain</Field>
    </Entity>
    <Entity Name="Datastores">
      <Field Name="ObjectGuid" DataType="System.String">ds_object_guid</Field>
      <Field Name="hFolderPath" DataType="System.String">hfolder_path</Field>
      <Field Name="DatastoreName" DataType="System.String">ds_name</Field>
      <Field Name="DatastorePath" DataType="System.String">ds_path</Field>
      <Field Name="DatastoreType" DataType="System.String">ds_type</Field>
      <Field Name="FreeSpace" DataType="System.Double" IsCounter="true" TagAsField="true">free_space</Field>
      <Field Name="I/OLatency" DataType="System.Double" IsCounter="true" TagAsField="true">io_latency</Field>
      <Field Name="IOPS" DataType="System.Double" IsCounter="true" TagAsField="true">ds_iops</Field>
      <Field Name="MaintenanceMode" DataType="System.String">maintenance_mode</Field>
      <Field Name="DatastoreMaxQueueDepth" DataType="System.Double" IsCounter="true" TagAsField="true">ds_maxqueue_depth</Field>
      <Field Name="ReadIOPS" DataType="System.Double" IsCounter="true" TagAsField="true">read_iops</Field>
      <Field Name="ReadLatency" DataType="System.Double" IsCounter="true" TagAsField="true">read_latency</Field>
      <Field Name="ReadRate" DataType="System.Double" IsCounter="true" TagAsField="true">read_rate</Field>
      <Field Name="SDRSReadRate" DataType="System.Double" IsCounter="true" TagAsField="true">sdrs_read_iops</Field>
      <Field Name="SDRSReadLatency" DataType="System.Double" IsCounter="true" TagAsField="true">sdrs_read_latency</Field>
      <Field Name="SDRSWriteIOPS" DataType="System.Double" IsCounter="true" TagAsField="true">sdrs_write_iops</Field>
      <Field Name="SDRSWriteLatency" DataType="System.Double" IsCounter="true" TagAsField="true">sdrs_write_latency</Field>
      <Field Name="ActiveTime" DataType="System.Double" IsCounter="true" TagAsField="true">sioc_active_time</Field>
      <Field Name="StorageIOControlEnabled" DataType="System.String">sioc_control_enabled</Field>
      <Field Name="StorageStatsCollection" DataType="System.String">storage_stats_collection</Field>
      <Field Name="WriteIOPS" DataType="System.Double" IsCounter="true" TagAsField="true">write_iops</Field>
      <Field Name="WriteLatency" DataType="System.Double" IsCounter="true" TagAsField="true">write_latency</Field>
      <Field Name="WriteRate" DataType="System.Double" IsCounter="true" TagAsField="true">write_rate</Field>
      <Field Name="FreeSpacePercentage" DataType="System.Double" IsCounter="true" TagAsField="true">free_space_percentage</Field>
      <Field Name="Capacity" DataType="System.Int64">ds_capacity</Field>
      <Field Name="Compression" DataType="System.Boolean">compression</Field>
      <Field Name="CapacityDeduplication" DataType="System.Boolean">capacity_deduplication</Field>
    </Entity>
    <Entity Name="Datastores on Hosts">
      <Field Name="ObjectGuid" DataType="System.String">dsha_object_guid</Field>
      <Field Name="hFolderPath" DataType="System.String">hfolder_path</Field>
      <Field Name="DatastoreGuid" DataType="System.String">ds_object_guid</Field>
      <Field Name="DatastoreName" DataType="System.String">ds_name</Field>
      <Field Name="DatastorePath" DataType="System.String">ds_path</Field>
      <Field Name="DatastoreType" DataType="System.String">ds_type</Field>
      <Field Name="FreeSpace" DataType="System.Double" IsCounter="true" TagAsField="true">free_space</Field>
      <Field Name="HostGuid" DataType="System.String">host_guid</Field>
      <Field Name="HostName" DataType="System.String">host_name</Field>
      <Field Name="Capacity" DataType="System.Int64">dsha_capacity</Field>
      <Field Name="FreeSpacePercentage" DataType="System.Double" IsCounter="true" TagAsField="true">free_space_percentage</Field>
      <Field Name="IOPS" DataType="System.Double" IsCounter="true" TagAsField="true">dsha_iops</Field>
      <Field Name="MaintenanceMode" DataType="System.String">maintenance_mode</Field>
      <Field Name="MaxQueueDepth" DataType="System.Double" IsCounter="true" TagAsField="true">maxqueue_depth</Field>
      <Field Name="ReadIOPS" DataType="System.Double" IsCounter="true" TagAsField="true">read_iops</Field>
      <Field Name="ReadLatency" DataType="System.Double" IsCounter="true" TagAsField="true">read_latency</Field>
      <Field Name="ReadRate" DataType="System.Double" IsCounter="true" TagAsField="true">read_rate</Field>
      <Field Name="SDRSOutstandingReadRequests" DataType="System.Double" IsCounter="true" TagAsField="true">sdrs_outstanding_read_requests</Field>
      <Field Name="SDRSOutstandingWriteRequests" DataType="System.Double" IsCounter="true" TagAsField="true">sdrs_outstanding_write_requests</Field>
      <Field Name="ActiveTime" DataType="System.Double" IsCounter="true" TagAsField="true">sioc_active_time</Field>
      <Field Name="StorageIOControlEnabled" DataType="System.String">sioc_control_enabled</Field>
      <Field Name="StorageStatsCollection" DataType="System.String">storage_stats_collection</Field>
      <Field Name="WriteIOPS" DataType="System.Double" IsCounter="true" TagAsField="true">write_iops</Field>
      <Field Name="WriteLatency" DataType="System.Double" IsCounter="true" TagAsField="true">write_latency</Field>
      <Field Name="WriteRate" DataType="System.Double" IsCounter="true" TagAsField="true">write_rate</Field>
    </Entity>
    <Entity Name="vDisks">
      <Field Name="ObjectGuid" DataType="System.String">vdisk_object_guid</Field>
      <Field Name="DatastoreGuid" DataType="System.String">ds_object_guid</Field>
      <Field Name="DatastoreName" DataType="System.String">ds_name</Field>
      <Field Name="VMGuid" DataType="System.String">vm_object_guid</Field>
      <Field Name="VMName" DataType="System.String">vm_name</Field>
      <Field Name="AttachedTo" DataType="System.String">attached_to</Field>
      <Field Name="Controller Label" DataType="System.String">controller_label</Field>
      <Field Name="Controller Summary" DataType="System.String">controller_summary</Field>
      <Field Name="Disk Capacity" DataType="System.Int64">disk_capacity</Field>
      <Field Name="DiskMode" DataType="System.String">disk_mode</Field>
      <Field Name="DiskType" DataType="System.String">disk_type</Field>
      <Field Name="HostGuid" DataType="System.String">host_guid</Field>
      <Field Name="HostName" DataType="System.String">host_name</Field>
      <Field Name="LargeSeeks" DataType="System.Double" IsCounter="true" TagAsField="true">large_seeks</Field>
      <Field Name="MediumSeeks" DataType="System.Double" IsCounter="true" TagAsField="true">medium_seeks</Field>
      <Field Name="SmallSeeks" DataType="System.Double" IsCounter="true" TagAsField="true">small_seeks</Field>
      <Field Name="OutstandingReadRequests" DataType="System.Double" IsCounter="true" TagAsField="true">outstanding_read_requests</Field>
      <Field Name="OutstandingWriteRequests" DataType="System.Double" IsCounter="true" TagAsField="true">outstanding_write_requests</Field>
      <Field Name="ReadIOPS" DataType="System.Double" IsCounter="true" TagAsField="true">read_iops</Field>
      <Field Name="ReadLatency" DataType="System.Double" IsCounter="true" TagAsField="true">read_latency</Field>
      <Field Name="ReadLoadMetric" DataType="System.Double" IsCounter="true" TagAsField="true">read_load_metric</Field>
      <Field Name="ReadRate" DataType="System.Double" IsCounter="true" TagAsField="true">read_rate</Field>
      <Field Name="ReadRequestSize" DataType="System.Double" IsCounter="true" TagAsField="true">read_request_size</Field>
      <Field Name="ThinProvisioned" DataType="System.String">thin_provisioned</Field>
      <Field Name="vDiskFileName" DataType="System.String">vdisk_file_name</Field>
      <Field Name="VMPowerState" DataType="System.String">vm_power_state</Field>
      <Field Name="WriteIOPS" DataType="System.Double" IsCounter="true" TagAsField="true">write_iops</Field>
      <Field Name="WriteLatency" DataType="System.Double" IsCounter="true" TagAsField="true">write_latency</Field>
      <Field Name="WriteLoadMetric" DataType="System.Double" IsCounter="true" TagAsField="true">write_load_metric</Field>
      <Field Name="WriteRate" DataType="System.Double" IsCounter="true" TagAsField="true">write_rate</Field>
      <Field Name="WriteRequestSize" DataType="System.Double" IsCounter="true" TagAsField="true">write_request_size</Field>
      <Field Name="WriteThrough" DataType="System.String">write_through</Field>
      <Field Name="FlashModeEnabled" DataType="System.Boolean">flash_mode_enabled</Field>
      <Field Name="vDiskShareAllocation" DataType="System.Boolean">vdisk_share_allocation</Field>
    </Entity>
    <Entity Name="LogicalDisks">
      <Field Name="ObjectGuid" DataType="System.String">logical_disk_object_guid</Field>
      <Field Name="DiskName" DataType="System.String">disk_name</Field>
      <Field Name="parentId" DataType="System.String">computer_guid</Field>
      <Field Name="Capacity" DataType="System.Int64">capacity</Field>
      <Field Name="FreeSpacePercentage" DataType="System.Double" IsCounter="true" TagAsField="true">free_space_percentage</Field>
      <Field Name="FreeSpace" DataType="System.Double" IsCounter="true" TagAsField="true">free_space</Field>
      <Field Name="DiskTransferssec" DataType="System.Double" IsCounter="true" TagAsField="true">disk_transfers_sec</Field>
      <Field Name="DiskReadssec" DataType="System.Double" IsCounter="true" TagAsField="true">disk_reads_sec</Field>
      <Field Name="DiskWritessec" DataType="System.Double" IsCounter="true" TagAsField="true">disk_writes_sec</Field>
    </Entity>
    <Entity Name="BrowserURL">
      <Field Name="ComputerObjectGuid" DataType="System.String">computer_object_guid</Field>
      <Field Name="ProcessID" DataType="System.Int32">process_id</Field>
      <Field Name="TabId" DataType="System.String">tab_id</Field>
      <Field Name="Domain" DataType="System.String">domain</Field>
      <Field Name="URL" DataType="System.String">url</Field>
      <Field Name="StartTime" DataType="System.DateTime">start_time</Field>
      <Field Name="EndTime" DataType="System.DateTime">end_time</Field>
      <Field Name="ComputerName" DataType="System.String">computer_name</Field>
      <Field Name="ProccessObjectGuid" DataType="System.String">proccess_guid</Field>
      <Field Name="SessionObjectGuid" DataType="System.String">session_guid</Field>
      <Field Name="FolderPath" DataType="System.String">folder_path</Field>
    </Entity>
    <Entity Name="AwsComputer">
      <Field Name="ObjectGuid" DataType="System.String">aws_computer_object_guid</Field>
      <Field Name="awsParentFolder" DataType="System.String">aws_parent_folder</Field>
      <Field Name="AwsAlarmAlarm" DataType="System.Double" IsCounter="true" TagAsField="true">aws_alarm_alarm</Field>
      <Field Name="AwsAlarmData" DataType="System.Double" IsCounter="true" TagAsField="true">aws_alarm_data</Field>
      <Field Name="AwsAlarmOk" DataType="System.Double" IsCounter="true" TagAsField="true">aws_alarm_ok</Field>
      <Field Name="AwsElasticIPPrice" DataType="System.Double" IsCounter="true" TagAsField="true">aws_elastic_ip_price</Field>
      <Field Name="AwsSnapshotPrice" DataType="System.Double" IsCounter="true" TagAsField="true">aws_snapshot_price</Field>
      <Field Name="AwsStoragePrice" DataType="System.Double" IsCounter="true" TagAsField="true">aws_storage_price</Field>
      <Field Name="AwsCatalogPrice" DataType="System.Double" IsCounter="true" TagAsField="true">aws_catalog_price</Field>
      <Field Name="AwsCPUUtilsization" DataType="System.Double" IsCounter="true" TagAsField="true">aws_cpu_utilsization</Field>
      <Field Name="AwsDaysToExpire" DataType="System.Double" IsCounter="true" TagAsField="true">aws_days_to_expire</Field>
      <Field Name="DetailedMonitoring" DataType="System.String">detailed_monitoring</Field>
      <Field Name="AwsDiskReadOps" DataType="System.Double" IsCounter="true" TagAsField="true">aws_disk_read_ops</Field>
      <Field Name="AwsDiskWriteOps" DataType="System.Double" IsCounter="true" TagAsField="true">aws_disk_write_ops</Field>
      <Field Name="AwsEBSOptimized" DataType="System.String">aws_ebs_optimized</Field>
      <Field Name="AwsEC2Price" DataType="System.Double" IsCounter="true" TagAsField="true">aws_ec2_price</Field>
      <Field Name="AwsElasticIP" DataType="System.String">aws_elastic_ip</Field>
      <Field Name="AwsHostID" DataType="System.String">aws_hostid</Field>
      <Field Name="AwsIamRole" DataType="System.String">aws_iamrole</Field>
      <Field Name="AwsInstanceId" DataType="System.String">aws_instanceid</Field>
      <Field Name="AwsInstanceLifeCycle" DataType="System.String">aws_instance_lifecycle</Field>
      <Field Name="AwsInstanceStatus" DataType="System.Double" IsCounter="true" TagAsField="true">aws_instance_status</Field>
      <Field Name="AwsInstanceType" DataType="System.String">aws_instance_type</Field>
      <Field Name="AwsKernelID" DataType="System.String">aws_kernelid</Field>
      <Field Name="AwsKeyName" DataType="System.String">aws_key_name</Field>
      <Field Name="AwsNetworkIn" DataType="System.Double" IsCounter="true" TagAsField="true">aws_network_in</Field>
      <Field Name="AwsNetworkInterfaceDescription" DataType="System.String">aws_network_interface_description</Field>
      <Field Name="AwsNetworkInterfaceStatus" DataType="System.String">aws_network_inter_face_status</Field>
      <Field Name="AwsNetworkInterfaces" DataType="System.String">aws_network_interfaces</Field>
      <Field Name="AwsNetworkOut" DataType="System.Double" IsCounter="true" TagAsField="true">aws_network_out</Field>
      <Field Name="AwsScheduledEventsCode" DataType="System.String">aws_scheduled_events_code</Field>
      <Field Name="AwsScheduledEventsDate" DataType="System.DateTime">aws_scheduled_events_date</Field>
      <Field Name="AwsScheduledEventsDescription" DataType="System.String">aws_scheduled_events_description</Field>
      <Field Name="AwsOwner" DataType="System.String">aws_owner</Field>
      <Field Name="AwsPlacementGroup" DataType="System.String">aws_placement_group</Field>
      <Field Name="AwsPlatform" DataType="System.String">aws_platform</Field>
      <Field Name="AwsPrivateDNS" DataType="System.String">aws_private_dns</Field>
      <Field Name="AwsPrivateIP" DataType="System.String">aws_private_ip</Field>
      <Field Name="AwsPublicDNS" DataType="System.String">aws_public_dns</Field>
      <Field Name="AwsPublicIp" DataType="System.String">aws_public_ip</Field>
      <Field Name="AwsRAMDiskID" DataType="System.String">aws_ram_diskid</Field>
      <Field Name="AwsRegion" DataType="System.String">aws_region</Field>
      <Field Name="AwsReservation" DataType="System.String">aws_reservation</Field>
      <Field Name="AwsExpireDate" DataType="System.DateTime">aws_expire_date</Field>
      <Field Name="AwsRIUpfrontPrice" DataType="System.Double" IsCounter="true" TagAsField="true">aws_ri_upfront_price</Field>
      <Field Name="AwsRootDeviceName" DataType="System.String">aws_root_device_name</Field>
      <Field Name="AwsRootDeviceSize" DataType="System.Int64">aws_root_device_size</Field>
      <Field Name="AwsRootDeviceType" DataType="System.String">aws_root_device_type</Field>
      <Field Name="AwsMacSecGroupId" DataType="System.String">aws_mac_sec_groupid</Field>
      <Field Name="AwsSecurityGroupsName" DataType="System.String">aws_security_groups_name</Field>
      <Field Name="AwsSourceDestCheck" DataType="System.String">aws_source_dest_check</Field>
      <Field Name="AwsState" DataType="System.String">aws_state</Field>
      <Field Name="AwsStateTransitionReason" DataType="System.String">aws_state_transition_reason</Field>
      <Field Name="AwsStatusChecks" DataType="System.Double" IsCounter="true" TagAsField="true">aws_status_checks</Field>
      <Field Name="AwsSubnetId" DataType="System.String">aws_subnetid</Field>
      <Field Name="AwsSystemStatus" DataType="System.Double" IsCounter="true" TagAsField="true">aws_system_status</Field>
      <Field Name="AwsTags" DataType="System.String">aws_tags</Field>
      <Field Name="AwsTenancy" DataType="System.String">aws_tenancy</Field>
      <Field Name="AwsTotalPrice" DataType="System.Double" IsCounter="true" TagAsField="true">aws_total_price</Field>
      <Field Name="VirtualNetwork" DataType="System.String">virtual_network</Field>
      <Field Name="AwsVirtualization" DataType="System.String">aws_virtualization</Field>
    </Entity>
    <Entity Name="ProcessGroups">
      <Field Name="XDPublishedAppGuid" DataType="System.String">xd_application_object_guid</Field>
      <Field Name="XDPublishedAppID" DataType="System.String">xd_application_id</Field>
      <Field Name="Name" DataType="System.String">xd_application_name</Field>
      <Field Name="appType" DataType="System.String">xd_application_type</Field>
      <Field Name="XDApplicationEnabled" DataType="System.String">xd_application_state</Field>
      <Field Name="XDPublishedApplicationCreated" DataType="System.DateTime">xd_application_created</Field>
      <Field Name="XDPublishedApplicationPublishedOnCount" DataType="System.Double" IsCounter="true" TagAsField="true">xd_application_published_on_count</Field>
      <Field Name="Machines" DataType="System.Double" IsCounter="true" TagAsField="true">xd_application_machines</Field>
      <Field Name="XDRunningOnManagedComputersRatio" DataType="System.Double" IsCounter="true" TagAsField="true">xd_application_managed_running_ratio</Field>
      <Field Name="XDAvailableOnCount" DataType="System.Double" IsCounter="true" TagAsField="true">xd_application_available</Field>
      <Field Name="XDApplicationInstancesCount" DataType="System.Double" IsCounter="true" TagAsField="true">xd_application_instance_count</Field>
      <Field Name="XDTotalSession" DataType="System.Double" IsCounter="true" TagAsField="true">xd_application_total_sessions</Field>
      <Field Name="XDActiveSessions" DataType="System.Double" IsCounter="true" TagAsField="true">xd_application_active_sessions</Field>
      <Field Name="XDDisconnectSessions" DataType="System.Double" IsCounter="true" TagAsField="true">xd_application_disconnected_sessions</Field>
      <Field Name="XDTotalUsers" DataType="System.Double" IsCounter="true" TagAsField="true">xd_application_total_sessions</Field>
      <Field Name="XDApplicationsLogonDuration" DataType="System.Double" IsCounter="true" TagAsField="true">xd_application_avg_logon_duration</Field>
      <Field Name="XDPubAppsAvgBandwidth" DataType="System.Double" IsCounter="true" TagAsField="true">xd_application_avg_bandwidth</Field>
      <Field Name="XDPubAppsAvgLatency" DataType="System.Double" IsCounter="true" TagAsField="true">xd_application_avg_latency</Field>
      <Field Name="XDApplicationAvgCpu" DataType="System.Double" IsCounter="true" TagAsField="true">xd_application_avg_cpu</Field>
      <Field Name="XDApplicationAvgMemory" DataType="System.Double" IsCounter="true" TagAsField="true">xd_application_avg_memory</Field>
      <Field Name="XDApplicationAvgDiskOperations" DataType="System.Double" IsCounter="true" TagAsField="true">xd_application_avg_disk_operations</Field>
      <Field Name="XDApplicationAvgNetwork" DataType="System.Double" IsCounter="true" TagAsField="true">xd_application_avg_network</Field>
      <Field Name="XDSiteFolderPath" DataType="System.String">xd_application_folder_path</Field>
    </Entity>
    <Entity Name="XD_Application_Instances">
      <Field Name="ObjectGuid" DataType="System.String">xd_applicationinstance_object_guid</Field>
      <Field Name="xdInstanceApplicationId" DataType="System.String">xd_applicationinstance_app_id</Field>
      <Field Name="xdInstanceInstanceID" DataType="System.String">xd_applicationinstance_instance_id</Field>
      <Field Name="xdInstanceEndDate" DataType="System.DateTime">xd_applicationinstance_enddate</Field>
      <Field Name="xdInstanceStartDate" DataType="System.DateTime">xd_applicationinstance_startdate</Field>
      <Field Name="xdInstanceMachineId" DataType="System.String">xd_applicationinstance_machine_id</Field>
      <Field Name="xdInstanceName" DataType="System.String">xd_applicationinstance_name</Field>
      <Field Name="xdInstancePublishedName" DataType="System.String">xd_applicationinstance_published_name</Field>
      <Field Name="xdInstanceSessionKey" DataType="System.String">xd_applicationinstance_session_key</Field>
      <Field Name="xdInstanceUPN" DataType="System.String">xd_applicationinstance_upn</Field>
      <Field Name="xdInstanceSessionType" DataType="System.String">xd_applicationinstance_session_type</Field>
      <Field Name="xdInstanceFolderPath" DataType="System.String">xd_applicationinstance_folder_path</Field>
    </Entity>
    <Entity Name="NetScalers">
      <Field Name="ObjectGuid" DataType="System.String">netscaler_object_guid</Field>
      <Field Name="NetScalerFolderPath" DataType="System.String">netscaler_folder_path</Field>
      <Field Name="NetScalerName" DataType="System.String">netscaler_name</Field>
      <Field Name="ManagementIP" DataType="System.String">management_ip</Field>
      <Field Name="PacketCPU" DataType="System.Double" IsCounter="true" TagAsField="true">packet_cpu</Field>
      <Field Name="MemoryUsedPercentage" DataType="System.Double" IsCounter="true" TagAsField="true">memory_used_percentage</Field>
      <Field Name="ManagementCPU" DataType="System.Double" IsCounter="true" TagAsField="true">management_cpu</Field>
      <Field Name="NetScalerBytesIn" DataType="System.Double" IsCounter="true" TagAsField="true">netscaler_bytes_in</Field>
      <Field Name="NetScalerBytesOut" DataType="System.Double" IsCounter="true" TagAsField="true">netscaler_bytes_out</Field>
      <Field Name="LastConfigDate" DataType="System.DateTime">last_config_date</Field>
      <Field Name="LastSaveDate" DataType="System.DateTime">last_save_date</Field>
      <Field Name="NetScalerVersion" DataType="System.String">netscaler_version</Field>
      <Field Name="StartTime" DataType="System.DateTime">start_time</Field>
      <Field Name="TotalLBs" DataType="System.Double" IsCounter="true" TagAsField="true">total_lbs</Field>
      <Field Name="LBUp" DataType="System.Double" IsCounter="true" TagAsField="true">lb_up</Field>
      <Field Name="LBDown" DataType="System.Double" IsCounter="true" TagAsField="true">lb_down</Field>
      <Field Name="PercentageOfLBsUp" DataType="System.Double" IsCounter="true" TagAsField="true">percentage_of_lbs_up</Field>
      <Field Name="TotalGWs" DataType="System.Double" IsCounter="true" TagAsField="true">total_gws</Field>
      <Field Name="GWUp" DataType="System.Double" IsCounter="true" TagAsField="true">gw_up</Field>
      <Field Name="GWDown" DataType="System.Double" IsCounter="true" TagAsField="true">gw_down</Field>
      <Field Name="PercentageOfGwsUp" DataType="System.Double" IsCounter="true" TagAsField="true">percentage_of_gws_up</Field>
      <Field Name="HDXSessionsNumber" DataType="System.Double" IsCounter="true" TagAsField="true">hdx_sessions_number</Field>
      <Field Name="LBConnections" DataType="System.Double" IsCounter="true" TagAsField="true">lb_connections</Field>
      <Field Name="SSLUsers" DataType="System.Double" IsCounter="true" TagAsField="true">ssl_users</Field>
      <Field Name="SavedConfig" DataType="System.String">saved_config</Field>
      <Field Name="DaysSinceLastSave" DataType="System.Double" IsCounter="true" TagAsField="true">days_since_last_save</Field>
      <Field Name="DaysUntilNextCertificateExpiration" DataType="System.Double" IsCounter="true" TagAsField="true">days_until_next_certificate_expiration</Field>
      <Field Name="HostId" DataType="System.String">host_id</Field>
      <Field Name="HACurrentNodeState" DataType="System.String">ha_current_node_state</Field>
      <Field Name="HASyncFailure" DataType="System.String">ha_sync_failure</Field>
      <Field Name="HAHeartbeatsReceiveRate" DataType="System.Double" IsCounter="true" TagAsField="true">ha_heartbeats_receive_rate</Field>
      <Field Name="HAHeartbeatsSendRate" DataType="System.Double" IsCounter="true" TagAsField="true">ha_heartbeats_send_rate</Field>
    </Entity>
    <Entity Name="LoadBalancers">
      <Field Name="ObjectGuid" DataType="System.String">lb_object_guid</Field>
      <Field Name="LoadBalancerName" DataType="System.String">lb_name</Field>
      <Field Name="LoadBalancerState" DataType="System.String">lb_state</Field>
      <Field Name="ActiveServices" DataType="System.Double" IsCounter="true" TagAsField="true">active_services</Field>
      <Field Name="PrimaryIPAddress" DataType="System.String">primary_ip_address</Field>
      <Field Name="PrimaryPort" DataType="System.String">primary_port</Field>
      <Field Name="LoadBalancerBytesIn" DataType="System.Double" IsCounter="true" TagAsField="true">lb_bytes_in</Field>
      <Field Name="LoadBalancerBytesOut" DataType="System.Double" IsCounter="true" TagAsField="true">lb_bytes_out</Field>
      <Field Name="LoadBalancerConnections" DataType="System.Double" IsCounter="true" TagAsField="true">lb_connections</Field>
      <Field Name="SurgeCount" DataType="System.Double" IsCounter="true" TagAsField="true">surge_count</Field>
      <Field Name="SpillOver" DataType="System.Double" IsCounter="true" TagAsField="true">spill_over</Field>
      <Field Name="HitRate" DataType="System.Double" IsCounter="true" TagAsField="true">hit_rate</Field>
      <Field Name="vServerHealth" DataType="System.Double" IsCounter="true" TagAsField="true">vserver_health</Field>
      <Field Name="InactiveServers" DataType="System.Double" IsCounter="true" TagAsField="true">inactive_servers</Field>
      <Field Name="LBMethod" DataType="System.String">lb_method</Field>
      <Field Name="Protocol" DataType="System.String">lb_protocol</Field>
    </Entity>
    <Entity Name="LBServiceGroups">
      <Field Name="ObjectGuid" DataType="System.String">lbsg_object_guid</Field>
      <Field Name="LBGuid" DataType="System.String">loadbalancer_guid</Field>
      <Field Name="LBServiceGroupName" DataType="System.String">service_group_name</Field>
      <Field Name="ServiceType" DataType="System.String">service_type</Field>
      <Field Name="LBServiceGroupBytesIn" DataType="System.Double" IsCounter="true" TagAsField="true">service_group_bytes_in</Field>
      <Field Name="LBServiceGroupBytesOut" DataType="System.Double" IsCounter="true" TagAsField="true">service_group_bytes_out</Field>
      <Field Name="ClientConnections" DataType="System.Double" IsCounter="true" TagAsField="true">client_connections</Field>
      <Field Name="ServerConnections" DataType="System.Double">server_connections</Field>
      <Field Name="ServicesUpTotal" DataType="System.Double" IsCounter="true" TagAsField="true">service_up_total</Field>
      <Field Name="TotalServices" DataType="System.Double" IsCounter="true" TagAsField="true">total_services</Field>
    </Entity>
    <Entity Name="LBServices">
      <Field Name="ObjectGuid" DataType="System.String">lbs_object_guid</Field>
      <Field Name="LBGuid" DataType="System.String">loadbalancer_guid</Field>
      <Field Name="LBServiceName" DataType="System.String">lb_service_name</Field>
      <Field Name="ServiceGroupGuid" DataType="System.String">service_group_guid</Field>
      <Field Name="LBServiceState" DataType="System.String">service_state</Field>
      <Field Name="LBServiceBytesIn" DataType="System.Double" IsCounter="true" TagAsField="true">service_bytes_in</Field>
      <Field Name="LBServiceBytesOut" DataType="System.Double" IsCounter="true" TagAsField="true">service_bytes_out</Field>
      <Field Name="LBServiceType" DataType="System.String">service_type</Field>
      <Field Name="RequestsRate" DataType="System.Double" IsCounter="true" TagAsField="true">requests_rate</Field>
      <Field Name="LBServiceServerConnections" DataType="System.Double" IsCounter="true" TagAsField="true">server_connections</Field>
      <Field Name="ResponseRate" DataType="System.Double" IsCounter="true" TagAsField="true">response_rate</Field>
      <Field Name="LBServiceClientConnections" DataType="System.Double" IsCounter="true" TagAsField="true">client_connections</Field>
    </Entity>
    <Entity Name="HDXSessions">
      <Field Name="ObjectGuid" DataType="System.String">hdx_object_guid</Field>
      <Field Name="HDXSessionUsername" DataType="System.String">hdx_user_name</Field>
      <Field Name="HDXSessionDomain" DataType="System.String">hdx_domain</Field>
      <Field Name="HDXSessionSourceIP" DataType="System.String">source_ip</Field>
      <Field Name="HDXSessionDestinationIP" DataType="System.String">destionation_ip</Field>
      <Field Name="HDXSessionPort" DataType="System.String">hdx_port</Field>
    </Entity>
    <Entity Name="Gateways">
      <Field Name="ObjectGuid" DataType="System.String">gateway_object_guid</Field>
      <Field Name="GatewayName" DataType="System.String">gateway_name</Field>
      <Field Name="GatewayState" DataType="System.String">gateway_state</Field>
      <Field Name="GatewayIPAddress" DataType="System.String">gateway_ip_address</Field>
      <Field Name="GatewayPort" DataType="System.String">gateway_port</Field>
      <Field Name="GatewayCurrentUsers" DataType="System.Double" IsCounter="true" TagAsField="true">current_users</Field>
      <Field Name="GatewayRequestsRate" DataType="System.Double" IsCounter="true" TagAsField="true">requests_rate</Field>
      <Field Name="GatewayResponsesRate" DataType="System.Double" IsCounter="true" TagAsField="true">responses_rate</Field>
      <Field Name="GatewayBytesOut" DataType="System.Double" IsCounter="true" TagAsField="true">gateway_bytes_out</Field>
      <Field Name="GatewayBytesIn" DataType="System.Double" IsCounter="true" TagAsField="true">gateway_bytes_in</Field>
      <Field Name="LDAPServer" DataType="System.String">ldap_server</Field>
      <Field Name="LDAPServerPort" DataType="System.String">ldap_port</Field>
      <Field Name="LDAPAdministratorBind" DataType="System.String">ldap_administrator_bind</Field>
      <Field Name="CertificateName" DataType="System.String">certificate_name</Field>
      <Field Name="CertificateExpirationDate" DataType="System.DateTime">certificate_expiration_date</Field>
      <Field Name="PolicyName" DataType="System.String">policy_mane</Field>
      <Field Name="StoreFrontAddress" DataType="System.String">store_front_address</Field>
      <Field Name="SSODomain" DataType="System.String">sso_domain</Field>
      <Field Name="ICAProxy" DataType="System.String">ica_proxy</Field>
      <Field Name="DaysUntilcertificateexpiration" DataType="System.Double" IsCounter="true" TagAsField="true">days_until_certificate_expiration</Field>
    </Entity>
    <Entity Name="STAs">
      <Field Name="ObjectGuid" DataType="System.String">sta_object_guid</Field>
      <Field Name="GatewayGuid" DataType="System.String">gateway_guid</Field>
      <Field Name="STAName" DataType="System.String">sta_name</Field>
      <Field Name="STAState" DataType="System.String">sta_state</Field>
      <Field Name="STAAuthId" DataType="System.String">sta_auth_id</Field>
    </Entity>
    <Entity Name="NICs">
      <Field Name="ObjectGuid" DataType="System.String">nic_object_guid</Field>
      <Field Name="NICNetScalerName" DataType="System.String">netscaler_name</Field>
      <Field Name="NICID" DataType="System.String">nic_id</Field>
      <Field Name="NICBytesOut" DataType="System.Double" IsCounter="true" TagAsField="true">nic_bytes_out</Field>
      <Field Name="NICBytesIn" DataType="System.Double" IsCounter="true" TagAsField="true">nic_bytes_in</Field>
    </Entity>
  </ConditionalEntities>

  <BlackListEntities>
    <Entity Name="Processes" FieldName="sName">
		<Item>am_delta_patch_*.exe</Item>
		<Item>conhost.exe</Item>
		<Item>cscript.exe</Item>
		<Item>gpupdate.exe</Item>
		<Item>mpam-*.exe</Item>
		<Item>msi*.tmp</Item>
		<Item>printisolationhost.exe</Item>
		<Item>searchfilterhost.exe</Item>
		<Item>searchprotocolhost.exe</Item>
		<Item>sppsvc.exe</Item>
		<Item>svchost.exe</Item>
		<Item>taskeng.exe</Item>
		<Item>tiworker.exe</Item>
		<Item>trustedinstaller.exe</Item>
		<Item>vds.exe</Item>
		<Item>vdsldr.exe</Item>
		<Item>wmiapsrv.exe</Item>
		<Item>wmiprvse.exe</Item>
    </Entity>
  </BlackListEntities>

  
</EntityMapping>